{
  "primary_color": {
    "rgb": [
      28,
      28,
      28
    ],
    "lab": [
      26.785385131835938,
      127.9963607788086,
      127.9886474609375
    ],
    "hex": "#1c1c1c",
    "percentage": 58.84
  },
  "all_colors": [
    {
      "rgb": [
        28,
        28,
        28
      ],
      "lab": [
        26.785385131835938,
        127.9963607788086,
        127.9886474609375
      ],
      "hex": "#1c1c1c",
      "percentage": 58.84
    },
    {
      "rgb": [
        22,
        22,
        22
      ],
      "lab": [
        18.77347183227539,
        128.00082397460938,
        128.000244140625
      ],
      "hex": "#161616",
      "percentage": 40.89
    },
    {
      "rgb": [
        233,
        224,
        198
      ],
      "lab": [
        229.53028869628906,
        128.6287841796875,
        141.71969604492188
      ],
      "hex": "#e9e0c6",
      "percentage": 0.26
    }
  ]
}