{
  "dominant": {
    "rgb": [
      28,
      28,
      28
    ],
    "hex": "#1C1C1C",
    "name": "Black",
    "percentage": 54.29
  },
  "all_colors": [
    {
      "rank": 1,
      "rgb": [
        28,
        28,
        28
      ],
      "hex": "#1C1C1C",
      "name": "Black",
      "percentage": 54.29
    },
    {
      "rank": 2,
      "rgb": [
        22,
        22,
        22
      ],
      "hex": "#161616",
      "name": "Black",
      "percentage": 38.93
    },
    {
      "rank": 3,
      "rgb": [
        254,
        254,
        254
      ],
      "hex": "#FEFEFE",
      "name": "White",
      "percentage": 6.78
    }
  ],
  "statistics": {
    "mean_rgb": [
      41,
      41,
      41
    ],
    "std_rgb": [
      57.67620655331997,
      57.67943143692729,
      57.67692961034411
    ],
    "min_rgb": [
      0,
      0,
      0
    ],
    "max_rgb": [
      255,
      255,
      255
    ],
    "num_pixels": 1587507,
    "total_variance": 173.03
  }
}